COUNTY,STATE,E_TOTPOP,E_NOINT,E_HBURD,E_DISABL,E_SNGPNT,E_CROWD,E_POV150,E_UNEMP,E_NOHSDP,E_UNINSUR,E_AGE65,E_AGE17,RPL_THEME1
Cook,Illinois,5169517,598299,633923,531159,131732,64064,1109927,193952,442048,447982,757688,1128625,0.7861
Milwaukee,Wisconsin,949180,139696,129172,116586,37169,9861,263250,24688,71018,67755,129110,227662,0.7199
Orleans,Louisiana,391249,66823,62233,52657,12933,1912,128378,16721,34489,35341,57867,78059,0.9424
Teton,Wyoming,23356,2313,2057,1473,416,495,2779,280,945,2666,3481,4192,0.1356
Cambria,Pennsylvania,131611,18800,11692,23500,3020,446,28047,3111,7547,5234,29633,25312,0.3676
Miami-Dade,Florida,2705528,424356,381497,273538,69735,56832,740838,70536,349764,433554,440203,552057,0.9586
Wyandotte,Kansas,165447,25417,18620,22235,5439,2735,51311,5157,20692,28152,20601,45960,0.9908
Bristol,Massachusetts,563301,62573,62400,80003,16964,3215,97872,16304,54846,15965,95498,116553,0.478
Westchester,New York,968738,78568,99113,91254,20943,13923,132543,29288,76376,52370,165858,212908,0.4739
San Diego,California,3323970,203586,366273,322003,63612,77186,593926,104435,270769,244072,467737,718250,0.6531
Essex,Massachusetts,787038,70621,88893,93753,21050,8330,129060,22460,56453,23282,134580,167490,0.3647
Hamilton,Ohio,815790,78270,94205,96301,29174,5535,179043,23304,45405,44460,125679,187494,0.492
Richmond City,Virginia,229233,41901,35723,32817,6626,1560,67249,8082,21090,26066,30140,39853,0.929
Union,New Jersey,555208,57901,61021,50901,14106,8752,88632,17370,48642,61811,80255,130376,0.6999
Denver,Colorado,715878,59469,88906,68918,15701,8856,136516,18531,56460,68142,84203,138830,0.5611
Providence,Rhode Island,636161,66763,79290,87498,19469,6024,133089,19872,60019,32924,97381,130930,0.6388
Contra Costa,California,1147788,56576,98841,127957,23103,19927,156345,32666,80257,57133,181578,260191,0.3972
